id;make;model;train;valid;title;numel;size0;size1;qfMin;qfMax
7322051411;Amazon;Fire;1;0;Amazon Fire Phone Sample Gallery;29;4160;3120;95;95
6012702079;Apple;iPhone 5s;1;0;iPhone 5s gallery;52;3264;2448;95;97
2985242251;Apple;iPhone 6 Plus;1;0;Apple iPhone 6 Plus Review Samples;28;3264;2448;95;97
1025395973;Apple;iPhone 6s;1;0;iPhone 6S Real-world Samples;44;4032;3024;95;98
7612056208;Apple;iPhone 6s Plus;1;0;Apple iPhone 6s Plus Review Samples;66;4032;3024;96;96
6451030628;Apple;iPhone 7;1;0;iPhone 7 sample gallery;30;4032;3024;95;97
9692509593;Apple;iPhone 7 Plus;0;1;Apple iPhone 7 Plus Review Samples;57;4032;3024;95;96
2637450826;Apple;iPhone 8 Plus;1;0;iPhone 8 Plus sample gallery;26;4032;3024;95;95
7669073668;Apple;iPhone X;1;0;iPhone X sample gallery;80;4032;3024;90;100
7780769194;Apple;iPhone XS Max;1;0;iPhone XS / XS Max sample gallery;19;4032;3024;95;97
9807802541;Canon;Canon DIGITAL IXUS 40;1;0;Canon SD300 Reviews Samples;28;2272;1704;96;98
3472971425;Canon;Canon DIGITAL IXUS 50;1;0;Canon SD400 Review Samples;30;2592;1944;96;98
6616772321;Canon;Canon DIGITAL IXUS 55;1;0;Canon SD450 Samples Gallery;30;2592;1944;98;98
6851479137;Canon;Canon DIGITAL IXUS 700;1;0;Canon SD500 Review Samples;30;3072;2304;96;98
7475900706;Canon;Canon DIGITAL IXUS 750;1;0;Canon SD550 Review Samples;30;3072;2304;98;98
7108473655;Canon;Canon DIGITAL IXUS 80 IS;1;0;Canon SD1100 IS (IXUS 80) Review Samples;39;3264;2448;96;98
8928252022;Canon;Canon DIGITAL IXUS 800 IS;1;0;Canon SD700 IS Review Samples;30;2816;2112;98;98
6018312265;Canon;Canon DIGITAL IXUS 850 IS;1;0;Canon PowerShot SD800 IS Review Samples;30;3072;2304;98;98
2704471712;Canon;Canon DIGITAL IXUS 860 IS;1;0;Canon SD870 IS Review Samples;30;3264;2448;98;98
1480983897;Canon;Canon DIGITAL IXUS 900Ti;1;0;Canon SD900 Review Samples;30;3648;2736;96;98
3266575943;Canon;Canon DIGITAL IXUS 950 IS;1;0;Canon SD850 IS Review Samples;37;3264;2448;98;98
2731853902;Canon;Canon DIGITAL IXUS 990 IS;0;1;Canon Powershot SD970 IS Samples Gallery;25;4000;3000;96;96
6810310134;Canon;Canon EOS 1000D;1;0;Canon EOS 1000D / Rebel XS Review Samples;38;3888;2592;98;98
5774422920;Canon;Canon EOS 10D;1;0;Canon EOS 10D Review Samples;15;3072;2048;90;98
6066804462;Canon;Canon EOS 1100D;1;0;Canon EOS 1100D Review Samples;42;4272;2848;98;98
2635622765;Canon;Canon EOS 20D;1;0;Canon EOS 20D Review Samples;14;3504;2336;96;100
6590146709;Canon;Canon EOS 300D DIGITAL;1;0;Canon EOS 300D Review Samples Two;18;3072;2048;98;98
1562011426;Canon;Canon EOS 30D;1;0;Canon EOS 30D Review Samples;31;3504;2336;96;98
0518357823;Canon;Canon EOS 350D DIGITAL;1;0;Canon EOS 350D Review Samples One;16;3456;2304;90;98
9025332744;Canon;Canon EOS 400D DIGITAL;1;0;Canon EOS 400D Review Samples;23;3888;2592;98;98
9373533410;Canon;Canon EOS 40D;1;0;Canon EOS 40D Review Samples;27;3888;2592;96;98
6129599320;Canon;Canon EOS 450D;1;0;Canon EOS 450D / Rebel XSi Review Samples;33;4272;2848;97;98
5169178038;Canon;Canon EOS 500D;0;1;Canon EOS 500D Review Samples;33;4752;3168;97;98
3308124008;Canon;Canon EOS 50D;1;0;Canon EOS 50D Review Samples;34;4752;3168;97;98
5776285652;Canon;Canon EOS 550D;0;1;Canon EOS 550D review samples;32;5184;3456;98;100
1644141102;Canon;Canon EOS 5D;1;0;Canon EOS 5D Review Samples;17;4368;2912;90;98
3266082756;Canon;Canon EOS 5D Mark II;1;0;Canon EOS 5D Mark II Review Samples;30;5616;3744;98;98
2635234106;Canon;Canon EOS 5D Mark III;1;0;Canon EOS-5D Mark III review samples;34;5760;3840;98;98
9485291827;Canon;Canon EOS 5D Mark IV;1;0;Canon EOS 5D Mark IV Sample Gallery;87;6720;4480;97;98
7454145651;Canon;Canon EOS 5DS;1;0;Canon EOS 5DS Sample Gallery;20;8688;5792;99;99
5909979258;Canon;Canon EOS 600D;1;0;Canon Rebel T3i (EOS 600D) review samples;48;5184;3456;98;98
9051208018;Canon;Canon EOS 60D;1;0;Canon EOS 60D Review Samples;37;5184;3456;98;98
8165085075;Canon;Canon EOS 6D;1;0;Canon EOS 6D Review Samples;28;5472;3648;98;98
8212334571;Canon;Canon EOS 6D Mark II;1;0;Canon EOS 6D Mark II sample gallery;99;6240;4160;97;98
7062712799;Canon;Canon EOS 70D;1;0;Canon EOS 70D review gallery;34;5472;3648;98;98
3668072312;Canon;Canon EOS 77D;1;0;Canon EOS 77D Sample Gallery;81;6000;4000;98;98
5399943873;Canon;Canon EOS 7D;1;0;Canon EOS 7D Review Samples;37;5184;3456;97;100
8473445593;Canon;Canon EOS 7D Mark II;1;0;Canon EOS 7D Mark II Review Samples;45;5472;3648;97;98
7982275943;Canon;Canon EOS 80D;1;0;Canon EOS 80D real world samples;57;6000;4000;97;98
5473085032;Canon;Canon EOS D30;1;0;Canon EOS D30 Review Samples One;12;2160;1440;98;98
4776804603;Canon;Canon EOS D60;1;0;Canon EOS D60 Review Samples;14;3072;2048;98;98
5278845916;Canon;Canon EOS M10;1;0;Canon EOS M10 real-world samples;27;5184;3456;97;98
1754041899;Canon;Canon EOS M100;1;0;Canon EOS M100 sample gallery;76;6000;4000;98;98
6377500921;Canon;Canon EOS M3;1;0;Canon EOS M3 Real-world Samples;56;6000;4000;97;99
5791673801;Canon;Canon EOS M5;1;0;Canon EOS M5 Sample Gallery;56;6000;4000;98;98
2200691465;Canon;Canon EOS M50;1;0;Canon EOS M50 sample gallery;68;6000;4000;98;98
4783759740;Canon;Canon EOS M6;1;0;Canon EOS M6 Sample Gallery;33;6000;4000;98;98
0450281051;Canon;Canon EOS R;1;0;Canon EOS R sample gallery;129;6720;4480;97;98
5277836308;Canon;Canon EOS REBEL SL1;1;0;Canon EOS Rebel SL1 / 100D Review Samples Gallery;20;5184;3456;98;98
4554851043;Canon;Canon EOS Rebel SL2;1;0;Canon EOS Rebel SL2 (EOS 200D) sample gallery;40;6000;4000;98;98
2312723790;Canon;Canon EOS REBEL T4i;1;0;Canon EOS 650D Review Samples;43;5184;3456;97;98
7366611816;Canon;Canon EOS REBEL T5i;1;0;Canon EOS 700D Review Samples;37;5184;3456;98;98
8641150949;Canon;Canon EOS Rebel T6;1;0;Canon EOS Rebel T6 real-world sample gallery;29;5184;3456;98;98
8891409795;Canon;Canon EOS Rebel T6i;1;0;Canon Rebel T6i sample gallery;34;6000;4000;95;99
2517844819;Canon;Canon EOS Rebel T6s;1;0;Canon Rebel T6s sample gallery;49;6000;4000;95;98
6897666241;Canon;Canon EOS Rebel T7;1;0;Canon EOS Rebel T7 sample gallery;90;6000;4000;98;98
1219446781;Canon;Canon EOS-1D Mark II;1;0;Canon EOS-1D Mk II Review Samples;14;3504;2336;100;100
5707140640;Canon;Canon EOS-1D Mark IV;1;0;Canon EOS-1D Mark IV Review Samples;41;4896;3264;99;100
1116467197;Canon;Canon EOS-1D X Mark II;1;0;Canon's EOS-1D X Mark II real-world samples ;49;5472;3648;97;99
2882827151;Canon;Canon EOS-1DS;1;0;Canon EOS-1Ds Review Samples;11;4064;2704;90;97
1516886791;Canon;Canon EOS-1Ds Mark II;1;0;Canon EOS-1Ds Mk II Review Samples;24;4992;3328;90;98
6729659695;Canon;Canon EOS-1Ds Mark III;1;0;Canon EOS-1Ds Mark III Review Samples;30;5616;3744;97;98
7166713672;Canon;Canon IXUS 1000HS;1;0;Canon IXUS 1000HS review samples;21;3648;2736;96;96
9333094069;Canon;Canon IXUS 1100 HS;1;0;Canon ELPH 510 HS / IXUS 1100 HS Review Samples;13;4000;2664;96;96
1178552919;Canon;Canon IXY 30S;1;0;Canon SD4000 IS Review Samples;35;3648;2736;96;96
3237506520;Canon;Canon PowerShot A510;1;0;Canon PowerShot A510 Review Samples;28;2048;1536;98;98
3175870743;Canon;Canon PowerShot A520;1;0;Canon PowerShot A520 Review Samples;24;2272;1704;96;98
0188409321;Canon;Canon PowerShot A570 IS;1;0;Canon PowerShot A570 IS Review Samples;31;3072;2304;98;98
2762485917;Canon;Canon PowerShot A620;1;0;Canon PowerShot A620 Review Samples;30;3072;2304;96;98
4655653698;Canon;Canon PowerShot A640;1;0;Canon PowerShot A640 Review Samples;36;3648;2736;96;98
9403691901;Canon;Canon PowerShot A700;1;0;Canon A700 Review Samples;30;2816;2112;98;98
6121733588;Canon;Canon PowerShot A710 IS;1;0;Canon PowerShot A710 IS Review Samples;29;3072;2304;96;98
3968068611;Canon;Canon PowerShot A720 IS;1;0;Canon A720IS Review Samples;30;3264;2448;98;98
0602149693;Canon;Canon PowerShot A95;1;0;Canon PowerShot A95 Review Samples;22;2592;1944;96;96
6607514962;Canon;Canon PowerShot D10;1;0;Canon PowerShot D10 Review Samples;12;4000;3000;96;96
8483757788;Canon;Canon PowerShot D20;1;0;Canon PowerShot D20 Review Samples;23;4000;3000;96;96
2658429239;Canon;Canon PowerShot D30;1;0;Canon PowerShot D30 review samples;33;4000;3000;96;96
2939458462;Canon;Canon PowerShot G1 X;1;0;Canon G1 X Review Samples;44;4352;3264;96;96
2637157591;Canon;Canon PowerShot G1 X Mark II;1;0;Canon PowerShot G1 X Mark II Review Samples Gallery;21;4352;2904;96;98
1437083203;Canon;Canon PowerShot G1 X Mark III;1;0;Canon PowerShot G1X Mark III sample gallery;66;6000;4000;98;98
8220329252;Canon;Canon PowerShot G10;1;0;Canon PowerShot G10 Review Samples;31;4416;3312;96;96
0663017752;Canon;Canon PowerShot G11;1;0;Canon PowerShot G11 Review Samples;36;3648;2736;96;96
7273391865;Canon;Canon PowerShot G12;1;0;Canon Powershot G12 Review Samples;25;3648;2736;96;96
6138922964;Canon;Canon PowerShot G15;1;0;Canon-PowerShot-G15-Review-Samples;50;4000;3000;96;98
7307236683;Canon;Canon PowerShot G16;1;0;Canon PowerShot G16 Samples Gallery;58;4000;3000;96;96
9890147924;Canon;Canon PowerShot G2;1;0;Canon G2 Review Samples;22;2272;1704;96;98
1017040969;Canon;Canon PowerShot G3 X;1;0;Canon PowerShot G3X Real-world Samples;37;5472;3648;98;98
5830030407;Canon;Canon PowerShot G5;1;0;Canon G5 Review Samples;16;2592;1944;98;98
1720509387;Canon;Canon PowerShot G5 X;1;0;Canon PowerShot G5 X Samples Gallery;56;5472;3648;95;98
8445612462;Canon;Canon PowerShot G6;1;0;Canon G6 Review Samples Two;13;3072;2304;90;98
3534838296;Canon;Canon PowerShot G7;1;0;Canon PowerShot G7 Review Samples;36;3648;2736;96;98
8435386360;Canon;Canon PowerShot G7 X;0;1;Canon PowerShot G7 X photo gallery;31;5472;3648;95;100
5500389509;Canon;Canon PowerShot G7 X Mark II;0;1;Canon PowerShot G7 X Mark II Review Samples;25;5472;3648;98;98
3123023704;Canon;Canon PowerShot G9;1;0;Canon PowerShot G9 Samples Gallery One;27;4000;3000;96;98
7869320616;Canon;Canon PowerShot G9 X;1;0;Canon PowerShot G9 X Sample Gallery;87;5472;3648;96;98
2706551897;Canon;Canon PowerShot G9 X Mark II;1;0;Canon PowerShot G9 X Mark II Sample Gallery;38;5472;3648;95;98
2531680919;Canon;Canon PowerShot Pro1;1;0;Canon Pro1 Review Samples;19;3264;2448;90;98
8907629846;Canon;Canon PowerShot S1 IS;1;0;Canon S1 IS Review Samples;16;2048;1536;98;100
8191017242;Canon;Canon PowerShot S100;1;0;Canon S100 Review Samples;23;4000;3000;96;96
5969507971;Canon;Canon PowerShot S120;1;0;Canon PowerShot S120 Sample Images;38;4000;3000;96;96
1055381542;Canon;Canon PowerShot S2 IS;1;0;Canon S2 IS Review Samples;30;2592;1944;96;98
4559472943;Canon;Canon PowerShot S3 IS;1;0;Canon S3 IS Review Samples;30;2816;2112;96;98
6996985191;Canon;Canon PowerShot S5 IS;1;0;Canon PowerShot S5 IS Review Samples;41;3264;2448;98;98
7129745380;Canon;Canon PowerShot S50;1;0;Canon S50 Review Samples;10;2592;1944;98;98
1695827748;Canon;Canon PowerShot S70;1;0;Canon S70 Review Samples;25;3072;2304;98;98
6370508769;Canon;Canon PowerShot S80;1;0;Canon S80 Review Samples;30;3264;2448;98;98
9508118448;Canon;Canon PowerShot S90;1;0;Canon PowerShot S90 review samples;48;3648;2736;96;100
9633730018;Canon;Canon PowerShot S95;1;0;Canon Powershot S95 Review Samples;30;3648;2736;96;96
2857485410;Canon;Canon PowerShot SX1 IS;1;0;Canon PowerShot SX1 IS Review Samples;19;3648;2736;96;99
2693934141;Canon;Canon PowerShot SX100 IS;1;0;Canon PowerShot SX100 IS Review Samples;37;3264;2448;98;98
8699484546;Canon;Canon PowerShot SX150 IS;1;0;Canon PowerShot SX150 IS Review Samples;23;4320;3240;96;96
3720906476;Canon;Canon PowerShot SX20 IS;1;0;Canon Powershot SX20 IS Review Samples;22;4000;3000;96;96
5969738797;Canon;Canon PowerShot SX200 IS;1;0;Canon SX200 IS Group Test Samples;15;4000;3000;96;96
7270287003;Canon;Canon PowerShot SX210 IS;1;0;Canon Powershot SX210 IS review samples;17;4320;3240;96;96
2728115856;Canon;Canon PowerShot SX230 HS;1;0;Canon Powershot SX230HS review samples;25;4000;3000;96;96
0863885990;Canon;Canon PowerShot SX260 HS;1;0;Canon PowerShot SX260 HS Review Samples;23;4000;3000;96;98
6719866864;Canon;Canon PowerShot SX50 HS;1;0;Canon PowerShot SX50 HS Review Samples;36;4000;3000;96;98
1426622520;Canon;Canon PowerShot SX60 HS;1;0;Canon PowerShot SX60 HS sample gallery;28;4608;3456;96;98
8656738448;Canon;Canon PowerShot TX1;1;0;Canon PowerShot TX1 Review Samples;32;3072;2304;98;98
4567383129;Canon;Canon XC10;1;0;Canon XC10 Sample Gallery;41;4000;3000;97;98
8678068339;CASIO COMPUTER CO.,LTD ;EX-Z750;1;0;Casio EX-Z750 Review Samples;19;3072;2304;96;100
2535490885;CASIO COMPUTER CO.,LTD.;EX-FH100   ;1;0;Casio Exilim FH-100 Review Samples;21;3648;2736;96;99
4768953338;CASIO COMPUTER CO.,LTD.;EX-FH25    ;1;0;Casio EX-FH25 Review Samples;21;3648;2736;99;99
2825325089;CASIO COMPUTER CO.,LTD.;EX-V7      ;1;0;Casio EX-V7 Review Samples;33;3072;2304;99;99
1019293078;CASIO COMPUTER CO.,LTD.;EX-Z1000   ;1;0;Casio EX-Z1000 Review Samples;26;3648;2736;96;100
5107813596;CASIO COMPUTER CO.,LTD.;EX-Z850    ;1;0;Casio EX-Z850 Casio EX-Z850 Gallery;30;3264;2448;97;100
3494205551;CASIO COMPUTER CO.,LTD.;EX-ZR100   ;1;0;Casio EX-ZR100 review samples;18;4000;3000;99;99
8482888842;DxO;DxO ONE;0;1;DxO ONE real-world samples;27;5406;3604;95;95
1077782178;EASTMAN KODAK COMPANY;KODAK DX7590 ZOOM DIGITAL CAMERA;1;0;Kodak DX7590 Review Samples;10;2576;1932;97;97
0847931265;EASTMAN KODAK COMPANY;KODAK EASYSHARE Z950 DIGITAL CAMERA;1;0;Kodak EasyShare Z950 Review Samples;15;4000;3000;95;95
9435377525;EASTMAN KODAK COMPANY;KODAK EasyShare Z981 Digital Camera     ;1;0;Kodak EasyShare Z981 Review Samples;20;4288;3216;92;99
3419101747;EASTMAN KODAK COMPANY;KODAK P850 ZOOM DIGITAL CAMERA;1;0;Kodak P850 Review Samples;23;2592;1944;90;98
6041619610;EASTMAN KODAK COMPANY;KODAK P880 ZOOM DIGITAL CAMERA;1;0;Kodak EasyShare P880 Review Samples;24;3264;2448;91;99
6318216663;EASTMAN KODAK COMPANY;KODAK V610 DUAL LENS DIGITAL CAMERA;1;0;Kodak V610 Review Samples;10;2832;2128;95;95
5088368927;EASTMAN KODAK COMPANY;KODAK Z740 ZOOM DIGITAL CAMERA;1;0;Kodak Z740 Review Samples;10;2576;1932;95;95
2703037818;FUJIFILM;FinePix E550   ;1;0;Fuji FinePix E550 Review Samples;21;4048;3040;91;99
8728582379;FUJIFILM;FinePix F10    ;1;0;Fuji FinePix F10 Review Samples;30;2848;2136;95;100
4663768039;FUJIFILM;FinePix F200EXR;0;1;Fujifilm FinePix F200 EXR Review Samples;18;2816;2112;95;99
0108392404;FUJIFILM;FinePix F30    ;1;0;Fuji FinePix F30 Review Samples;30;2848;2136;95;100
2615676010;FUJIFILM;FinePix F31fd  ;1;0;Fujifilm FinePix F31fd Review Samples;35;2848;2136;94;100
5079091083;FUJIFILM;FinePix F50fd  ;1;0;Fujifilm FinePix F50fd Review Samples;30;4000;3000;93;99
2818046824;FUJIFILM;FinePix F550EXR;0;1;Fujifilm F550EXR review samples;17;3264;2448;96;99
4077700797;FUJIFILM;FinePix F601 ZOOM;1;0;Fuji FinePix F601Z Review Samples;10;2832;2128;93;97
6015218022;FUJIFILM;FinePix F80EXR;1;0;Fujifilm Finepix F80 EXR Review Samples;14;2816;2112;97;99
5013673400;FUJIFILM;FinePix F810   ;1;0;Fuji FinePix F810 Review Samples;12;2848;2136;91;97
3583331530;FUJIFILM;FinePix HS10 HS11;1;0;Fujifilm Finepix HS10 Review Samples;24;3648;2736;93;99
8897117938;FUJIFILM;FinePix JZ500;1;0;Fujifilm Finepix JZ500 Review Samples;13;4320;3240;94;99
3212093885;FUJIFILM;FinePix S1;1;0;Fujifilm FinePix S1 samples gallery;18;4608;3456;97;99
0464576987;FUJIFILM;FinePix S100FS ;1;0;Fujifilm FinePix S100 FS Review Samples;31;3840;2880;95;100
2209421082;FUJIFILM;FinePix S2500HD;1;0;Fujifilm Finepix S2500 HD Review Samples;20;4000;3000;94;99
3299540988;FUJIFILM;FinePix S3Pro  ;1;0;Fuji Finepix S3 Pro Review Samples;19;3024;2016;95;100
6263458974;FUJIFILM;FinePix S5500  ;1;0;Fuji FinePix S5100Z Review Samples;27;2272;1704;97;100
3543299608;FUJIFILM;FinePix S5Pro  ;1;0;Fujifilm S5 Pro Review Samples;28;3024;2016;98;100
8641131376;FUJIFILM;FinePix S6500fd;1;0;Fuji FinePix S6000fd Review Samples;35;2848;2136;92;100
7182301305;FUJIFILM;FinePix S8000fd;1;0;Fujifilm FinePix S8000fd Review Samples;38;3264;2448;90;99
3585259524;FUJIFILM;FinePix S9500  ;1;0;Fuji FinePix S9000Z Review Samples;29;3488;2616;94;100
2268505027;FUJIFILM;FinePix T300;1;0;Fujifilm T300 review samples;20;4288;3216;100;100
5116050090;FUJIFILM;FinePix X100;1;0;Fujifilm FinePix X100 Review Samples;53;4288;2848;90;100
3719278177;FUJIFILM;FinePix XP130 XP131 XP135;1;0;Fujifilm FinePix XP130 sample gallery;19;4608;3456;96;100
6886753896;FUJIFILM;FinePix XP30;1;0;Fuji XP30 review samples;26;4320;3240;91;99
4170240446;FUJIFILM;FinePix Z33WP;1;0;Fujifilm FinePix Z33WP Review samples;11;3648;2736;91;93
8143191684;FUJIFILM;FinePixS1Pro;0;1;Fuji FinePix S1 Pro Review Samples One;12;3040;2016;96;100
9668936479;FUJIFILM;FinePixS2Pro;0;1;Fuji FinePix S2 Pro Review Samples One;9;3024;2016;97;99
3125129958;FUJIFILM;GFX 50S;1;0;Fujifilm GFX 50S samples gallery;116;8256;6192;97;99
8189478119;FUJIFILM;X10;1;0;Fujifilm X10 Review Samples;25;2816;2112;92;100
9737454830;FUJIFILM;X100F;1;0;Fujifilm X100F Samples Gallery;33;6000;4000;98;99
2140199819;FUJIFILM;X100S;1;0;Fujifilm X100S Review Samples;53;4896;3264;96;97
0027384734;FUJIFILM;X100T;1;0;Fujifilm X100T Real-world Samples;38;4896;3264;97;99
6156828749;FUJIFILM;X20;1;0;Fujifilm X20 Review Samples;32;4000;3000;96;97
3801795400;FUJIFILM;X30;1;0;Fujifilm X30 Sample Gallery;24;4000;3000;99;99
0400450979;FUJIFILM;X70;1;0;Fujifilm WCL-X70 Real World Sample Gallery;26;4896;3264;99;99
0796958881;FUJIFILM;X-A1;1;0;Fujifilm X-A1 Samples Gallery;20;4896;3264;96;97
0911759204;FUJIFILM;X-A10;1;0;Fujifilm X-A10 samples photos;55;4896;3264;92;97
8692354013;FUJIFILM;X-A2;1;0;Fujifilm X-A2 Samples Gallery;22;4896;3264;95;99
1220039677;FUJIFILM;X-A5;1;0;Fujifilm X-A5 sample gallery;42;6000;4000;91;97
4627355711;FUJIFILM;X-E1;1;0;Fujifilm X-E1 Review Samples;60;4896;3264;96;97
0112583519;FUJIFILM;X-E2;1;0;Fujifilm X-E2 samples gallery;22;4896;3264;96;97
1452086844;FUJIFILM;X-E2S;1;0;Fujifilm X-E2S real world samples gallery;65;4896;3264;96;97
5798831135;FUJIFILM;X-E3;1;0;Fujifilm X-E3 sample photos;41;6000;4000;97;97
7628928607;FUJIFILM;XF10;1;0;Fujifilm XF10 sample gallery;67;6000;4000;93;97
6974816295;FUJIFILM;X-H1;1;0;Fujifilm X-H1 sample gallery;95;6000;4000;98;99
3402661176;FUJIFILM;X-M1;1;0;Fujifilm X-M1 Samples;32;4896;3264;96;97
7255639030;FUJIFILM;X-Pro1;1;0;Fujifilm X-Pro1 review samples;44;4896;3264;96;97
5097268292;FUJIFILM;X-Pro2;1;0;Fujifilm X-Pro2 Real-world Samples;66;6000;4000;97;99
6878692387;FUJIFILM;XQ1;1;0;Fujifilm XQ1 samples gallery;34;4000;3000;97;97
1649216127;FUJIFILM;X-T1;1;0;Fujifilm X-T1 Review Samples;45;4896;3264;96;97
6328726286;FUJIFILM;X-T10;1;0;Fujifilm X-T10 Real World Samples;30;4896;3264;97;99
6875335627;FUJIFILM;X-T100;1;0;Fujifilm X-T100 sample gallery;58;6000;4000;90;97
3430551079;FUJIFILM;X-T2;1;0;Fujifilm X-T2 Samples Gallery;32;6000;4000;98;99
7251932144;FUJIFILM;X-T20;1;0;Fujifilm X-T20 Sample Gallery;41;6000;4000;96;99
5370103067;FUJIFILM;X-T3;1;0;Fujifilm X-T3 sample gallery;98;6240;4160;95;99
7104657277;Google;Pixel 2;1;0;Pixel 2 sample gallery;59;4032;3024;95;95
8660533092;Google;Pixel 3 XL;1;0;Google Pixel 3 sample gallery;98;4032;3024;95;95
6815720896;Google;Pixel XL;1;0;Google Pixel XL Review Samples;49;4048;3036;95;95
9344168119;Hasselblad;HB4116;1;0;Hasselblad True Zoom Moto Mod Review Samples;8;4000;2992;92;92
5952343757;Hewlett-Packard;HP PhotoSmart C935 (V03.46);1;0;HP 935 Review Samples;8;2608;1952;99;99
4279611148;HTC;HTCONE;1;0;HTC One Sample Gallery;37;2688;1520;95;95
1283247592;HUAWEI;EVA-L09;1;0;Huawei P9 real-world sample gallery;22;3968;2976;99;99
4391473475;HUAWEI;MHA-L29;1;0;Huawei Mate 9 sample gallery;36;5120;3840;99;99
4961167879;Kodak;DCS Pro SLR/c;1;0;Kodak DCS Pro SLR/c Review Samples;11;4500;3000;95;98
0678204283;KONICA MINOLTA;DiMAGE A200;1;0;Konica Minolta A200 Review Samples;28;3264;2448;90;97
9728100066;KONICA MINOLTA ;DiMAGE Z5;1;0;Konica Minolta Z5 Review Samples;28;2560;1920;97;97
7161144098;KONICA MINOLTA ;MAXXUM 7D;1;0;Konica Minolta 7D Review Samples;19;3008;2000;95;98
8328889067;Konica Minolta Camera, Inc.;DiMAGE Z2;1;0;Konica Minolta Z2 Review Samples;12;2272;1704;92;97
9786297772;LEICA CAMERA AG;LEICA CL;1;0;Leica CL Sample Gallery;30;6000;4000;98;99
1533095747;Leica Camera AG;LEICA M MONOCHROM (Typ 246);1;0;Leica M Monochrom (Typ 246) real-world samples gallery;14;5976;3992;99;99
6037658348;Leica Camera AG;LEICA M10;1;0;Leica M10 real-world samples;32;5952;3968;97;99
1916499575;Leica Camera AG;LEICA M10-P;1;0;Leica M10-P samples gallery;41;5952;3968;98;99
7582132667;LEICA CAMERA AG;LEICA Q (Typ 116);1;0;Leica Q Real-world sample gallery ;42;6000;4000;95;99
8280161083;LEICA CAMERA AG;LEICA SL (Typ 601);1;0;Leica SL Typ 601 Real-world Samples Gallery;70;6000;4000;98;99
1258823096;LEICA CAMERA AG;LEICA TL2;1;0;Leica TL2 sample gallery;58;6000;4000;96;99
5539275674;LEICA CAMERA AG;LEICA X-U (Typ 113);1;0;Leica X-U (Typ 113) sample gallery;60;4928;3264;90;99
2495158946;Leica Camera AG;M8 Digital Camera;1;0;Leica M8 Review Samples;9;3936;2624;97;97
2581544602;LEICA CAMERA AG        ;LEICA X1               ;1;0;Leica X1 Review Samples;23;4272;2856;91;99
8284309575;LG Electronics;LG-D802;1;0;LG G2 Sample Gallery;28;4160;3120;97;97
2047707026;LG Electronics;LG-H870;1;0;LG G6 Review Samples;89;4160;3120;93;97
5260635910;LG Electronics;LGM-V300S;1;0;LG V30 Review Samples;16;4656;3492;97;97
8041819798;LGE;LM-G710N;0;1;LG G7 ThinQ Review Samples;20;4656;3492;97;97
8179673960;Minolta Co., Ltd.;DiMAGE 7;1;0;Minolta DiMAGE 7 Review Samples One;14;2560;1920;99;100
0341531416;Minolta Co., Ltd.;DiMAGE 7i;1;0;Minolta DiMAGE 7i Review Samples;10;2560;1920;99;99
8538629109;Minolta Co., Ltd.;DiMAGE A1;1;0;Minolta DiMAGE A1 Review Samples;12;2560;1920;99;99
5198972661;Minolta Co., Ltd.;DiMAGE S304;1;0;Minolta DiMAGE S304 Review Samples;9;2048;1536;99;99
3316615550;motorola;Nexus 6;1;0;Google Nexus 6 Review Samples;17;4160;3120;95;95
5521548249;Motorola;XT1092;1;0;Motorola Moto X (2014) Review Samples;25;4160;3120;95;95
4821975682;Motorola;XT1575;1;0;Motorola Moto X Style Sample Gallery;38;5344;4008;95;95
5601667744;Motorola;XT1585;1;0;Motorola Moto X Force real-world samples;56;5344;4008;95;95
4300077446;NIKON;COOLPIX AW110  ;1;0;Nikon Coolpix AW110 Review Samples;29;4608;3456;96;99
4184743712;NIKON;COOLPIX AW120  ;1;0;Nikon Coolpix AW120 review samples;31;4608;3456;96;99
5078137525;NIKON;COOLPIX P100   ;1;0;Nikon Coolpix P100 Review Samples;26;3648;2736;94;99
8957896639;NIKON;COOLPIX P3;1;0;Nikon Coolpix P3 Review Samples;25;3264;2448;90;98
9835187236;NIKON;COOLPIX P300;1;0;Nikon P300 Review Samples;15;4000;3000;95;99
0449889739;NIKON;COOLPIX P310;1;0;Nikon Coolpix P310 Review Samples;23;4608;3456;91;99
9156050345;NIKON;COOLPIX P340;1;0;Nikon Coolpix P340 Samples Gallery;42;4000;3000;90;99
4135446005;NIKON;COOLPIX P50  ;1;0;Nikon Coolpix P50 Review Samples;31;3264;2448;91;96
6635127949;NIKON;COOLPIX P510;1;0;Nikon Coolpix P510 Review Samples;36;4608;3456;91;99
0672349287;NIKON;COOLPIX P5100;1;0;Nikon Coolpix P5100 Review Samples;22;4000;3000;93;97
1378018458;NIKON;COOLPIX P7000;1;0;Nikon Coolpix P7000 Review Samples;13;3648;2736;92;98
3482935204;NIKON;COOLPIX P7100;1;0;Nikon Coolpix P7100;25;3648;2736;90;99
8243686704;NIKON;COOLPIX P7700;1;0;Nikon Coolpix P7700 Review Samples;23;4000;3000;94;99
8356391625;NIKON;COOLPIX P7800;1;0;Nikon Coolpix P7800 Sample Images;31;4000;3000;92;99
6036507234;NIKON;COOLPIX P900;1;0;Nikon P900 Samples Gallery;50;4608;3456;94;99
6752822154;NIKON;COOLPIX S10;1;0;Nikon S10 Review Samples;29;2816;2112;94;97
8431600416;NIKON;COOLPIX S8000;1;0;Nikon Coolpix S8000 Review Samples;20;4320;3240;91;99
2072488779;NIKON;COOLPIX S800c;1;0;Nikon S800c Review Samples;28;4608;3456;97;100
0455793792;NIKON;COOLPIX S9100  ;0;1;Nikon Coolpix S9100 review samples;25;4000;3000;95;99
8844601832;NIKON;COOLPIX S9300;0;1;Nikon Coolpix S9300 Review Samples;20;4608;3456;91;100
3007319075;NIKON;COOLPIX W100;1;0;Nikon Coolpix W100 sample gallery;21;4160;3120;96;100
2152941502;NIKON;E4800;1;0;Nikon Coolpix 4800 Review Samples;18;2288;1712;90;97
6568926601;NIKON;E5000;1;0;Nikon Coolpix 5000 Review Samples;8;2560;1920;91;96
0832651199;NIKON;E5200;1;0;Nikon Coolpix 5200 Review Samples;17;2592;1944;94;98
8189017199;NIKON;E5400;1;0;Nikon Coolpix 5400 Review Samples;11;2592;1944;93;98
9938161919;NIKON;E5700;1;0;Nikon Coolpix 5700 Review Samples;9;2560;1920;92;97
9603988269;NIKON;E7900;1;0;Nikon Coolpix 7900 Review Samples;25;3072;2304;92;97
0310651472;NIKON;E8400;1;0;Nikon Coolpix 8400 Review Samples;9;3264;2448;91;96
6849787241;NIKON;E8700;1;0;Nikon Coolpix 8700 Review Samples;11;3264;2448;90;96
1353789089;NIKON                  ;COOLPIX P5000;1;0;Nikon Coolpix P5000 Review Samples;30;3648;2736;90;96
6753364370;NIKON CORPORATION;COOLPIX A;1;0;Nikon Coolpix A review samples;28;4928;3264;96;99
3036062247;NIKON CORPORATION;COOLPIX P1000;1;0;Nikon Coolpix P1000 sample gallery;86;4608;3456;93;99
1270480524;NIKON CORPORATION;COOLPIX W300;1;0;Nikon Coolpix W300 sample gallery;24;4608;3456;94;99
3691172680;NIKON CORPORATION;NIKON 1 AW1;1;0;Nikon 1 AW1 samples gallery;28;4608;3072;90;99
5504654626;NIKON CORPORATION;NIKON 1 J1;1;0;Nikon J1 Review Samples;38;3872;2592;97;99
3505260624;NIKON CORPORATION;NIKON 1 J3;1;0;Nikon 1 J3 Samples Gallery;20;4608;3072;93;99
6590980567;NIKON CORPORATION;NIKON 1 J5;1;0;Nikon 1 J5 real world samples;28;5568;3712;98;100
4192385380;NIKON CORPORATION;NIKON 1 S1;1;0;Nikon 1 S1 Samples Gallery;23;3872;2592;94;99
8645122076;NIKON CORPORATION;NIKON 1 V1;1;0;Nikon V1 Review Samples;35;3872;2592;96;99
7937012372;NIKON CORPORATION;NIKON 1 V3;1;0;Nikon 1 V3 Real-world Samples;39;5232;3488;99;99
2653563139;NIKON CORPORATION;NIKON D1 ;1;0;Nikon D1 Review Samples One;11;2000;1312;97;99
7702202202;NIKON CORPORATION;NIKON D100 ;1;0;Nikon D100 Review Samples;9;3008;2000;97;99
0311723637;NIKON CORPORATION;NIKON D1H;1;0;Nikon D1H Review Samples Two;22;2000;1312;98;99
6457294694;NIKON CORPORATION;NIKON D200;1;0;Nikon D200 Review Samples;25;3872;2592;91;99
9282232529;NIKON CORPORATION;NIKON D2H;1;0;Nikon D2H Review Samples;24;2464;1632;91;100
1779057008;NIKON CORPORATION;NIKON D2X;1;0;Nikon D2X Review Samples;23;4288;2848;91;99
0514703700;NIKON CORPORATION;NIKON D3;1;0;Nikon D3 Review Samples;36;4256;2832;97;99
6225486841;NIKON CORPORATION;NIKON D300;0;1;Nikon D300 Review Samples;23;4288;2848;99;99
9327928709;NIKON CORPORATION;NIKON D3000;0;1;Nikon D3000 Review Samples;28;3872;2592;94;99
7467262937;NIKON CORPORATION;NIKON D300S;1;0;Nikon D300S Review samples;33;4288;2848;98;99
8071812681;NIKON CORPORATION;NIKON D3100;1;0;Nikon D3100 review samples;32;4608;3072;96;99
9823200781;NIKON CORPORATION;NIKON D3200;1;0;Nikon D3200 Review Samples;39;6016;4000;97;99
9202664723;NIKON CORPORATION;NIKON D3300;1;0;Nikon D3300 sample images;55;6000;4000;95;99
7648199866;NIKON CORPORATION;NIKON D3400;1;0;Nikon D3400 real-world samples;98;6000;4000;92;99
9111488384;NIKON CORPORATION;NIKON D3500;1;0;Nikon D3500 sample gallery;62;6000;4000;95;99
3187037466;NIKON CORPORATION;NIKON D3S;1;0;Nikon D3S Review Samples;44;4256;2832;91;99
9705202605;NIKON CORPORATION;NIKON D3X;1;0;Nikon D3x Review Samples;30;6048;4032;91;99
4634336426;NIKON CORPORATION;NIKON D40;1;0;Nikon D40 Review Samples;30;3008;2000;92;99
3854614465;NIKON CORPORATION;NIKON D40X;1;0;Nikon D40X Review Samples;17;3872;2592;91;99
3180508572;NIKON CORPORATION;NIKON D5;1;0;Nikon D5 real-world samples gallery;36;5568;3712;95;100
6222556829;NIKON CORPORATION;NIKON D50;1;0;Nikon D50 Review Samples;27;3008;2000;96;99
4137508448;NIKON CORPORATION;NIKON D500;1;0;Nikon D500 Sample Gallery;53;5568;3712;97;100
1203902566;NIKON CORPORATION;NIKON D5000;1;0;Nikon D5000 Review Samples;42;4288;2848;97;99
3704827808;NIKON CORPORATION;NIKON D5100;1;0;Nikon D5100 Review Samples;40;4928;3264;97;99
5993205513;NIKON CORPORATION;NIKON D5200;1;0;Nikon D5200 Review Samples;31;6000;4000;97;99
3290157292;NIKON CORPORATION;NIKON D5300;1;0;Nikon D5300 samples gallery;21;6000;4000;98;99
8311737335;NIKON CORPORATION;NIKON D5500;1;0;Nikon D5500 samples gallery;36;6000;4000;95;99
8757803421;NIKON CORPORATION;NIKON D5600;1;0;Nikon D5600 sample gallery;25;6000;4000;97;99
7158908193;NIKON CORPORATION;NIKON D60;1;0;Nikon D60 Review Samples;31;3872;2592;94;99
8097539267;NIKON CORPORATION;NIKON D600;1;0;Nikon D600 Review Samples;30;6016;4016;98;99
1485261017;NIKON CORPORATION;NIKON D610;1;0;Nikon D610 Review Samples;41;6016;4016;98;99
3376919678;NIKON CORPORATION;NIKON D70;1;0;Nikon D70 Review Samples;21;3008;2000;91;99
6277130403;NIKON CORPORATION;NIKON D700;1;0;Nikon D700 Review Samples;32;4256;2832;97;99
3667705876;NIKON CORPORATION;NIKON D7000;1;0;Nikon D7000 Review Samples;31;4928;3264;93;99
6304725106;NIKON CORPORATION;NIKON D7100;1;0;Nikon D7100 Review Samples;33;6000;4000;99;99
3213412218;NIKON CORPORATION;NIKON D7200;1;0;Nikon D7200 Real-world Samples;45;6000;4000;94;100
1127732374;NIKON CORPORATION;NIKON D750;1;0;Nikon D750 Samples Gallery;38;6016;4016;98;100
9200575231;NIKON CORPORATION;NIKON D7500;1;0;Sample gallery: Nikon D7500;131;5568;3712;97;100
0484646418;NIKON CORPORATION;NIKON D80;1;0;Nikon D80 Review Samples;28;3872;2592;95;99
5869866111;NIKON CORPORATION;NIKON D800;1;0;Nikon D800 Review Samples;32;7360;4912;97;99
5499370516;NIKON CORPORATION;NIKON D800E;1;0;Nikon D800E Review Samples;21;7360;4912;99;99
8912569979;NIKON CORPORATION;NIKON D810;1;0;Nikon D810 Real-world Samples;51;7360;4912;92;100
5682971467;NIKON CORPORATION;NIKON D850;1;0;Nikon D850 sample gallery;150;8256;5504;97;100
4283478703;NIKON CORPORATION;NIKON D90;1;0;Nikon D90 Review Samples;39;4288;2848;96;99
1959079099;NIKON CORPORATION;NIKON Df;1;0;Nikon Df samples gallery;39;4928;3280;99;99
8048435192;NIKON CORPORATION;NIKON Z 6;1;0;Nikon Z6 sample gallery;108;6048;4024;99;100
4819511289;NIKON CORPORATION;NIKON Z 7;1;0;Nikon Z7 sample gallery;170;8256;5504;96;100
1612474854;Nokia;Lumia 1020;1;0;Nokia Lumia 1020 Sample Gallery;28;2592;1936;95;95
7494957595;OLYMPUS CORPORATION    ;E-1             ;1;0;Olympus E-1 Review Samples Two;20;2560;1920;96;100
0874506873;OLYMPUS CORPORATION    ;E-M10MarkII     ;1;0;Olympus E-M10 II Samples Gallery;31;4608;3456;96;100
8542947609;OLYMPUS CORPORATION    ;E-M1MarkII      ;1;0;Olympus OM-D E-M1 Mark II real-world samples gallery;57;5184;3888;97;100
3959253679;OLYMPUS CORPORATION    ;E-PL9           ;1;0;Olympus E-PL9 sample gallery;40;4608;3456;95;100
3467897297;OLYMPUS CORPORATION    ;PEN-F           ;1;0;Olympus PEN-F sample gallery;38;5184;3888;97;100
6335287350;OLYMPUS CORPORATION    ;TG-4            ;1;0;Olympus TG-4 real-world sample gallery;33;4608;3456;98;100
3307890093;OLYMPUS CORPORATION    ;TG-5            ;1;0;Olympus TG-5 sample gallery;36;4000;3000;92;100
5138129260;OLYMPUS IMAGING CORP.;E-M1;1;0;Olympus OM-D EM-1 review samples;22;4608;3456;99;100
4538899975;OLYMPUS IMAGING CORP.;E-M10;1;0;Olympus OM-D E-M10 Review samples;41;4608;3456;98;100
3893526001;OLYMPUS IMAGING CORP.;SH-1;1;0;Olympus Stylus SH-1 sample gallery;25;4608;3456;96;99
6174735261;OLYMPUS IMAGING CORP.;SP310;1;0;Olympus SP-310 Review Samples;23;3072;2304;91;99
7315579502;OLYMPUS IMAGING CORP.;SP500UZ;1;0;Olympus SP500UZ Review Samples;30;2816;2112;90;99
9350823002;OLYMPUS IMAGING CORP.;TG-2;1;0;Olympus Tough TG-2 Review Samples;25;3968;2976;97;98
6753986318;OLYMPUS IMAGING CORP.  ;E-3             ;1;0;Olympus E-3 Review Samples;36;3648;2736;90;100
2414053357;OLYMPUS IMAGING CORP.  ;E-30            ;1;0;Olympus E30 Review Samples;32;4032;3024;91;100
2109488926;OLYMPUS IMAGING CORP.  ;E-300           ;1;0;Olympus E-300 Review Samples;22;3264;2448;91;99
8078130326;OLYMPUS IMAGING CORP.  ;E-330           ;1;0;Olympus E-330 Review Samples;29;3136;2352;92;100
7746995144;OLYMPUS IMAGING CORP.  ;E-400           ;1;0;Olympus E-400 Samples Gallery;36;3648;2736;91;99
4915777973;OLYMPUS IMAGING CORP.  ;E-410           ;1;0;Olympus E-410 Review Samples;26;3648;2736;91;95
3814320002;OLYMPUS IMAGING CORP.  ;E-420           ;1;0;Olympus E-420 Review Samples;36;3648;2736;95;100
4131576664;OLYMPUS IMAGING CORP.  ;E-5             ;1;0;Olympus E-5 Review Samples;21;4032;3024;91;100
9168792356;OLYMPUS IMAGING CORP.  ;E-500           ;1;0;Olympus E-500 Review Samples One;17;3264;2448;95;99
2981212501;OLYMPUS IMAGING CORP.  ;E-510           ;1;0;Olympus E-510 Review Samples;40;3648;2736;98;100
3634232320;OLYMPUS IMAGING CORP.  ;E-520           ;1;0;Olympus E-520 Review Samples;38;3648;2736;90;100
1888392586;OLYMPUS IMAGING CORP.  ;E-620           ;1;0;Olympus E-620 Review Samples;30;4032;3024;98;100
6284209369;OLYMPUS IMAGING CORP.  ;E-M5            ;1;0;Olympus OM-D EM-5 Review Samples;43;4608;3456;97;100
0674214148;OLYMPUS IMAGING CORP.  ;E-M5MarkII      ;1;0;Olympus OM-D E-M5 II real world samples;21;4608;3456;100;100
1677538746;OLYMPUS IMAGING CORP.  ;E-P1            ;1;0;Olympus E-P1 Review Samples;23;4032;3024;98;100
9953319127;OLYMPUS IMAGING CORP.  ;E-P2            ;1;0;Olympus E-P2 Review Samples;16;4032;3024;97;100
6535484345;OLYMPUS IMAGING CORP.  ;E-P3            ;1;0;Olympus PEN E-P3 review samples;31;4032;3024;90;99
0369237355;OLYMPUS IMAGING CORP.  ;E-P5            ;1;0;Olympus PEN E-P5 review samples;28;4608;3456;90;100
9035772360;OLYMPUS IMAGING CORP.  ;E-PL1           ;1;0;Olympus E-PL1 Review Samples;47;4032;3024;94;100
3677139966;OLYMPUS IMAGING CORP.  ;E-PL2           ;1;0;Olympus E-PL2 Review Samples;24;4032;3024;95;100
5641900104;OLYMPUS IMAGING CORP.  ;E-PL3           ;1;0;Olympus PEN E-PL3 review samples;25;4032;3024;94;100
2551837276;OLYMPUS IMAGING CORP.  ;E-PL7           ;1;0;Olympus PEN E-PL7 real world samples gallery ;24;4608;3456;96;100
1934746335;OLYMPUS IMAGING CORP.  ;E-PM1           ;1;0;Olympus PEN E-PM1 Review Samples;15;4032;3024;98;100
5468811762;OLYMPUS IMAGING CORP.  ;E-PM2           ;1;0;Olympus PEN E-PM2 Review Samples;15;4608;3456;93;100
7218376527;OLYMPUS IMAGING CORP.  ;SP-100EE        ;1;0;Olympus Stylus SP-100EE samples;50;4608;3456;91;99
6222208375;OLYMPUS IMAGING CORP.  ;SP550UZ                ;1;0;Olympus SP-550UZ Review Samples;35;3072;2304;91;99
8406940625;OLYMPUS IMAGING CORP.  ;SP560UZ                ;1;0;Olympus SP-560UZ Review Samples;33;3264;2448;95;99
7286234063;OLYMPUS IMAGING CORP.  ;TG-3            ;1;0;Olympus Tough TG-3 review samples;27;4608;3456;99;100
0477244490;OLYMPUS IMAGING CORP.  ;TG-810          ;1;0;Olympus Tough TG-810 review samples;19;4288;3216;95;100
2517888563;OLYMPUS IMAGING CORP.  ;u9000,S9000     ;1;0;Olympus Stylus 9000 Group Test Samples;15;3968;2976;92;99
6127174282;OLYMPUS IMAGING CORP.  ;u9010,S9010            ;1;0;Olympus Mju 9010 Review Samples;18;4288;3216;92;98
2800513755;OLYMPUS IMAGING CORP.  ;uD800,S800      ;1;0;Olympus Stylus 800 Review Samples;15;3264;2448;90;99
2706150316;OLYMPUS IMAGING CORP.  ;u-miniD,Stylus V;1;0;Olympus Stylus Verve Review Samples;16;2272;1704;90;99
3524215506;OLYMPUS IMAGING CORP.  ;uT6000,ST6000   ;1;0;Olympus Stylus Tough 6000 Review samples;12;3648;2736;95;99
6663000955;OLYMPUS IMAGING CORP.  ;uT8000,ST8000   ;1;0;Olympus Stylus Tough 8000 Review samples;9;3968;2976;98;99
1640478466;OLYMPUS IMAGING CORP.  ;VR320,D725;1;0;Olympus VR-320 review samples;20;4288;3216;96;100
2751101203;OLYMPUS IMAGING CORP.  ;XZ-1            ;1;0;Olympus XZ-1 Review Samples;30;3648;2736;91;99
7927805277;OLYMPUS OPTICAL CO.,LTD;C5050Z;1;0;Olympus C-5050Z Review Samples;10;2560;1920;97;98
5342209799;OLYMPUS OPTICAL CO.,LTD;E-10        ;1;0;Olympus E-10 Review Samples;14;2240;1680;91;99
2198577278;OLYMPUS OPTICAL CO.,LTD;E-20,E-20N,E-20P;1;0;Olympus E-20 Review Samples;8;2560;1920;93;99
9992071040;OnePlus;ONEPLUS A3003;1;0;OnePlus 3T Review Samples;58;4640;3480;95;95
6343385400;OnePlus;ONEPLUS A5000;1;0;OnePlus 5 Review Samples;11;5184;3880;95;95
2565132945;Panasonic;DC-FZ80;1;0;Panasonic Lumix DMC-FZ80 sample gallery;53;4896;3672;96;99
0107841691;Panasonic;DC-G9;1;0;Panasonic Lumix G9 sample gallery;78;5184;3888;96;99
0186370310;Panasonic;DC-GH5;1;0;Panasonic Lumix DC-GH5 sample gallery;72;5184;3888;98;99
4166512426;Panasonic;DC-GH5S;1;0;Panasonic GH5S sample images;50;3680;2760;98;99
3702812878;Panasonic;DC-GX850;1;0;Panasonic Lumix GX850 Sample Gallery;38;4592;3448;97;99
5058069396;Panasonic;DC-GX9;1;0;Panasonic Lumix GX9 sample gallery;129;5184;3888;96;99
7065627980;Panasonic;DC-LX100M2;1;0;Panasonic Lumix DC-LX100 Mark II sample gallery;60;4736;3552;97;99
4834297341;Panasonic;DC-TS7;1;0;Panasonic Lumix DC-TS7/FT7 sample gallery;18;5184;3888;90;95
1484710012;Panasonic;DC-ZS200;1;0;Panasonic ZS200 sample gallery;107;5472;3648;95;99
2195357421;Panasonic;DC-ZS70;1;0;Panasonic Lumix ZS70 Sample Gallery;91;5184;3888;98;99
3002349865;Panasonic;DMC-CM1;1;0;Panasonic Lumix DMC-CM1 Review Samples;48;5472;3648;98;99
5655971796;Panasonic;DMC-FH7;1;0;Panasonic Lumix DMC-FH7 Review Samples;25;4608;3456;96;99
1662033738;Panasonic;DMC-FT1;1;0;Panasonic Lumix DMC-TS1 Review samples;12;4000;3000;98;99
2077966240;Panasonic;DMC-FX01;1;0;Panasonic FX01 Review Samples;30;2816;2112;94;99
9710370057;Panasonic;DMC-FX7;1;0;Panasonic FX7 Review Samples;27;2560;1920;96;98
7519545597;Panasonic;DMC-FX9;1;0;Panasonic FX9 Review Samples;29;2816;2112;94;99
5539195489;Panasonic;DMC-FZ1000;1;0;Panasonic Lumix DMC-FZ1000 real-world samples;44;4864;3648;97;99
7334030735;Panasonic;DMC-FZ150;1;0;Panasonic Lumix DMC-FZ150 Review Samples;19;4000;3000;94;99
7081773052;Panasonic;DMC-FZ18;1;0;Panasonic DMC-FZ18 Review Samples;38;3264;2448;93;100
4308984680;Panasonic;DMC-FZ20;1;0;Panasonic FZ20 Review Samples;33;2560;1920;95;98
0905158541;Panasonic;DMC-FZ200;1;0;Panasonic Lumix DMC-FZ200 Review Samples;45;4000;3000;95;99
6042927294;Panasonic;DMC-FZ2500;1;0;Panasonic Lumix FZ2500 / FZ2000 Real World Sample Gallery;69;5472;3648;97;99
3443288122;Panasonic;DMC-FZ3;1;0;Panasonic FZ3 Review Samples;22;2016;1512;96;100
2214122245;Panasonic;DMC-FZ30;1;0;Panasonic FZ30 Review Samples;30;3264;2448;97;98
7101308391;Panasonic;DMC-FZ300;1;0;Panasonic Lumix DMC-FZ300 sample gallery;28;4000;3000;97;99
0485510560;Panasonic;DMC-FZ38;1;0;Panasonic Lumix DMC FZ35 Review Samples;20;4000;3000;98;100
7247435753;Panasonic;DMC-FZ5;1;0;Panasonic FZ5 Review Samples;28;2560;1920;95;98
3064377727;Panasonic;DMC-FZ50;1;0;Panasonic FZ50 Review Samples;37;3648;2736;93;99
3157084701;Panasonic;DMC-FZ7;1;0;Panasonic DMC-FZ7 Review Samples;32;2816;2112;96;99
6861148245;Panasonic;DMC-FZ70;1;0;Panasonic Lumix DMC-FZ70 Sample Gallery;38;4608;3456;97;99
6207047607;Panasonic;DMC-FZ8;1;0;Panasonic FZ8 Review Samples;35;3072;2304;96;99
6432581196;Panasonic;DMC-G1;1;0;Panasonic DMC-G1 Review Samples;28;4000;2672;98;99
9047105177;Panasonic;DMC-G10;1;0;Panasonic Lumix DMC-G10 Review Samples;27;4000;3000;97;99
1320923382;Panasonic;DMC-G2;1;0;Panasonic DMC-G2 Review Samples;45;4000;3000;97;99
8130825661;Panasonic;DMC-G3;1;0;Panasonic DMC-G3 review samples;20;4592;3448;97;99
8957367750;Panasonic;DMC-G6;1;0;Panasonic Lumix DMC-G6 samples gallery;21;4608;3456;98;99
4694583797;Panasonic;DMC-G7;1;0;Panasonic Lumix DMC-G7 Sample Gallery;88;4592;3448;96;99
0107200613;Panasonic;DMC-G80;1;0;Panasonic Lumix G85 sample gallery;58;4592;3448;94;99
9911447266;Panasonic;DMC-GF1;1;0;Panasonic DMC-GF1 Review Samples;24;4000;2672;98;99
4547500662;Panasonic;DMC-GF2;1;0;Panasonic DMC GF2 Review Samples;34;4000;3000;97;99
6991983909;Panasonic;DMC-GF3;1;0;Panasonic Lumix DMC-GF3 Review Samples;30;4000;3000;97;99
4907674436;Panasonic;DMC-GF6;1;0;Panasonic Lumix DMC-GF6 samples gallery;28;4592;3448;98;99
1480156988;Panasonic;DMC-GF7;1;0;Panasonic Lumix GF7 sample gallery;41;4592;3448;97;99
6012345761;Panasonic;DMC-GH1;1;0;Panasonic DMC-GH1 Review Samples;17;4000;3000;99;99
8615758079;Panasonic;DMC-GH2;1;0;Panasonic Lumix DMC-GH2 Review Samples;25;4608;3456;99;99
1180639683;Panasonic;DMC-GH3;1;0;Panasonic Lumix DMC-GH3 Review Samples;31;4608;3456;98;99
0908326616;Panasonic;DMC-GH4;1;0;Panasonic GH4 samples;53;4608;3456;96;99
9484114596;Panasonic;DMC-GM1;1;0;Panasonic Lumix GM1 review samples gallery;26;4592;3448;98;99
2166724561;Panasonic;DMC-GM5;1;0;Panasonic Lumix GM5 Samples Gallery;33;4592;3448;98;99
0669265851;Panasonic;DMC-GX1;1;0;Panasonic Lumix DMC-GX1 Review Samples;32;4592;3448;99;99
4464801863;Panasonic;DMC-GX7;1;0;Panasonic Lumix DMC-GX7 review samples;33;4592;3448;97;99
0653844077;Panasonic;DMC-GX8;1;0;Panasonic Lumix DMC-GX8 real-world sample gallery;41;5184;3888;97;99
5699693136;Panasonic;DMC-GX80;1;0;Panasonic Lumix DMC-GX85 Real World Samples;63;4592;3448;97;99
7377178172;Panasonic;DMC-L1;1;0;Panasonic DMC-L1 Review Samples;23;3136;2352;99;99
3952923458;Panasonic;DMC-L10;1;0;Panasonic Lumix DMC-L10 Review Samples;42;3648;2736;96;99
9506245152;Panasonic;DMC-LF1;1;0;Panasonic Lumix DMC-LF1 samples gallery;35;4000;3000;95;99
1511364325;Panasonic;DMC-LX1;1;0;Panasonic LX1 Review Samples;13;3840;2160;94;98
2996371353;Panasonic;DMC-LX10;1;0;Panasonic Lumix DMC-LX10 Samples Photos ;46;5472;3648;97;99
1308909937;Panasonic;DMC-LX100;1;0;Panasonic Lumix DMC-LX100 Samples Gallery;60;4112;3088;96;99
7855764637;Panasonic;DMC-LX2;1;0;Panasonic LX2 Review Samples;27;4224;2376;93;99
9924184790;Panasonic;DMC-LX3;1;0;Panasonic Lumix DMC LX3 Review Samples;16;3648;2736;98;100
7653785297;Panasonic;DMC-LX5;1;0;Panasonic Lumix DMC-LX5 Review Samples;13;3648;2736;96;99
2797941266;Panasonic;DMC-LX7;1;0;Panasonic Lumix DMC LX7 Review Samples;23;3648;2736;96;99
9849525361;Panasonic;DMC-LZ2;1;0;Panasonic LZ2 Review Samples;30;2560;1920;93;97
3525550491;Panasonic;DMC-TS3;1;0;Panasonic DMC-TS3 review samples;21;4000;3000;95;99
1502270311;Panasonic;DMC-TS5;1;0;Panasonic Lumix DMC-TS5 Review Samples;32;4608;3456;96;99
5491312880;Panasonic;DMC-TZ1;1;0;Panasonic TZ1 Review Samples;30;2560;1920;96;99
6870036826;Panasonic;DMC-TZ10;1;0;Panasonic Lumix DMC-ZS7 Review Samples;20;4000;3000;96;100
1487225521;Panasonic;DMC-TZ18;1;0;Panasonic DMC-ZS8 review samples;20;4320;3240;97;99
7984431696;Panasonic;DMC-TZ3;1;0;Panasonic DMC-TZ3 Review Samples;32;3072;2304;96;99
8649922211;Panasonic;DMC-TZ5;1;0;Panasonic DMC-TZ5 Review Samples;36;3456;2592;97;99
6362684695;Panasonic;DMC-TZ6;1;0;Panasonic ZS1 Group Test Samples;15;3648;2736;98;99
4669155109;Panasonic;DMC-TZ7;1;0;Panasonic ZS3 Group Test Samples;15;3648;2736;98;99
5674970456;Panasonic;DMC-TZ8;1;0;Panasonic Lumix DMC-ZS5 Review Samples;17;4000;3000;97;99
2841351189;Panasonic;DMC-ZS10;1;0;Panasonic DMC-ZS10 review samples;21;4320;3240;96;99
3496191771;Panasonic;DMC-ZS100;1;0;Panasonic Lumix ZS100/TZ100 real world samples;59;5472;3648;97;99
6154434846;Panasonic;DMC-ZS15;1;0;Panasonic Lumix DMC-ZS15 Review Samples;9;4000;3000;98;99
3401553889;Panasonic;DMC-ZS20;1;0;Panasonic Lumix DMC-ZS20 (TZ30) Review Samples;30;4320;3240;94;99
9622972496;Panasonic;DMC-ZS40;1;0;Panasonic Lumix DMC-ZS40 Samples;34;4896;3672;95;99
1892331689;Panasonic;DMC-ZS50;1;0;Panasonic Lumix DMC-ZS50 samples gallery;27;4000;3000;93;99
6203776726;Panasonic;DMC-ZS60;1;0;Panasonic Lumix ZS60 real world samples gallery;64;4896;3672;97;99
9773472094;PENTAX;PENTAX K-5 II;1;0;Pentax K5 II;28;4928;3264;99;100
8978367519;PENTAX;PENTAX K-5 II s;1;0;Pentax K5 II S;21;4928;3264;99;100
1989446250;PENTAX;PENTAX K-50;1;0;Pentax K-50 samples gallery;22;4928;3264;97;100
6868934388;PENTAX;PENTAX Optio W60;1;0;Pentax Optio w60 Review samples;12;3648;2736;94;97
1717014251;PENTAX;PENTAX Optio W80;1;0;Pentax Optio W80 Review samples;12;4000;3000;94;96
4630565005;PENTAX;PENTAX Optio WG-1 GPS;1;0;Pentax Optio WG1 review samples;20;4288;3216;91;98
3331636522;PENTAX;PENTAX Q7;1;0;Pentax Q7 Review Samples;28;4000;3000;98;98
2117047472;PENTAX;PENTAX X90;1;0;Pentax X90 Review Samples;17;4000;3000;92;96
6379767555;PENTAX             ;PENTAX 645D        ;1;0;Pentax 645D sample gallery;10;7264;5440;98;100
6971475108;PENTAX             ;PENTAX K-01        ;1;0;Pentax K-01 Review Samples;28;4928;3264;96;100
1428586445;PENTAX             ;PENTAX K-30        ;1;0;Pentax-K-30-Review-Samples;31;4928;3264;95;100
2845558373;PENTAX             ;PENTAX K-5         ;1;0;Pentax K-5 Review Samples;30;4928;3264;99;100
7495630447;PENTAX             ;PENTAX K-500       ;1;0;Pentax K-500 Sample Gallery;26;4928;3264;95;100
6689894320;PENTAX             ;PENTAX K-7         ;1;0;Pentax K-7 Review Samples;37;4672;3104;98;100
5504190604;PENTAX             ;PENTAX K-m         ;1;0;Pentax K2000 / K-m Review Samples;42;3872;2592;95;99
2065611779;PENTAX             ;PENTAX K-r         ;1;0;Pentax Kr Review Samples;31;4288;2848;93;99
0323208386;PENTAX             ;PENTAX K-x         ;1;0;Pentax K-x Review Samples;51;4288;2848;95;99
8066366361;PENTAX Corporation;PENTAX Optio 750Z;1;0;Pentax Optio 750 Review Samples;8;3056;2296;96;98
8463327102;PENTAX Corporation;PENTAX Optio A10;1;0;Pentax Optio A10 Review Samples;27;3264;2448;97;97
9833882479;PENTAX Corporation;PENTAX Optio A20;1;0;Pentax Optio A20 Review Samples;35;3648;2736;95;97
7659142634;PENTAX Corporation ;PENTAX *ist D      ;1;0;Pentax *ist D Review Samples;10;3008;2008;98;98
5431124956;PENTAX Corporation ;PENTAX K100D       ;1;0;Pentax K100D Review Samples;9;3008;2000;98;98
6916869879;PENTAX Corporation ;PENTAX K10D        ;1;0;Pentax K10D Review Samples;22;3872;2592;91;95
9824181463;PENTAX Corporation ;PENTAX K200D       ;1;0;Pentax K200D Review Samples;27;3872;2592;93;99
4403891920;PENTAX Corporation ;PENTAX K20D        ;1;0;Pentax K20D Review Samples;30;4672;3104;94;100
9312307408;PENTAX Corporation ;PENTAX Optio S ;1;0;Pentax Optio S Review Samples;9;2048;1536;96;99
6512109583;PENTAX Corporation ;PENTAX Optio S5i ;1;0;Pentax Optio S5i Review Samples;28;2560;1920;98;100
1679422249;PENTAX RICOH IMAGING;GR;1;0;Ricoh GR Review Samples;23;4928;3264;91;99
7678219720;PENTAX RICOH IMAGING   ;PENTAX MX-1            ;1;0;Pentax MX-1 Review Gallery;22;4000;3000;95;99
2115002416;PENTAX RICOH IMAGING   ;PENTAX WG-3 GPS;1;0;Pentax WG-3 GPS Review Samples;25;4608;3456;90;98
8747345812;RICOH      ;Caplio GX100   ;1;0;Ricoh Caplio GX100 Review Samples;33;3648;2736;99;100
5651078447;RICOH      ;CX3            ;1;0;Ricoh CX3 Review Samples;20;3648;2736;99;100
2400978146;RICOH      ;CX5            ;1;0;Ricoh CX5 Review Samples;20;3648;2736;98;100
8305361432;RICOH      ;GR Digital     ;1;0;Ricoh GR Digital Review Samples;22;3264;2448;90;98
0444061202;RICOH      ;GXR            ;1;0;Ricoh GXR A12 Review Samples;34;3648;2736;99;100
4110297317;RICOH      ;GXR P10        ;1;0;Ricoh GXR P10 28-300mm Review Samples;41;3648;2736;99;99
7557382998;RICOH      ;PX            ;1;0;Ricoh PX review samples;20;4608;3456;99;100
2652056903;RICOH      ;RICOH R8       ;1;0;Ricoh R8 Review Samples;34;3648;2736;98;99
4870228201;RICOH IMAGING COMPANY, LTD.;PENTAX K-3 II;1;0;Pentax K-3 II Samples Gallery;8;6016;4000;99;99
5346062930;RICOH IMAGING COMPANY, LTD.;PENTAX K-S2;1;0;Pentax K-S2 Samples Gallery;25;5472;3648;98;100
0514184272;RICOH IMAGING COMPANY, LTD.;PENTAX XG-1;1;0;Pentax XG-1 samples gallery;15;4608;3456;91;94
7838349358;RICOH IMAGING COMPANY, LTD.;RICOH WG-4 GPS;1;0;Ricoh WG-4 review samples;28;4608;3456;90;98
3452916558;RICOH IMAGING COMPANY, LTD.;RICOH WG-50;1;0;Ricoh WG-50 sample gallery;17;4608;3456;90;97
2340689509;RICOH IMAGING COMPANY, LTD.  ;PENTAX K-1 Mark II ;1;0;Pentax K-1 II sample gallery;23;7360;4912;96;100
5209199313;RICOH IMAGING COMPANY, LTD.  ;PENTAX K-3         ;1;0;Pentax K-3 Review Samples;75;6016;4000;98;100
4821736717;RICOH IMAGING COMPANY, LTD.  ;PENTAX K-70        ;1;0;Pentax K-70 real-world samples;59;6000;4000;98;100
9625050354;RICOH IMAGING COMPANY, LTD.  ;PENTAX KP          ;1;0;Pentax KP Sample Gallery;11;6016;4000;100;100
8304430048;SAMSUNG; SAMSUNG WB500 / VLUU WB500 / SAMSUNG HZ10W;1;0;Samsung HZ10W Group Test Samples;12;3648;2736;91;99
3754272969;SAMSUNG;EK-GC200;1;0;Samsung Galaxy Camera 2 samples gallery;26;4608;3456;96;98
4043827463;SAMSUNG;EK-GN120;1;0;Samsung Galaxy NX sample images;11;5472;3648;98;99
8819578908;SAMSUNG;EX1    ;1;0;Samsung TL500 Review Samples;32;3648;2736;95;98
2394020274;SAMSUNG;NX mini;1;0;Samsung NX Mini samples gallery;52;5472;3648;90;100
2863271451;SAMSUNG;NX1;1;0;Samsung NX1 Real-world Samples;56;6480;4320;94;98
6310641031;SAMSUNG;NX200;1;0;Samsung NX200 Review Samples;37;5472;3648;95;98
7086313327;SAMSUNG;NX2000;1;0;Samsung NX2000 Samples Gallery;17;5472;3648;99;99
8646724196;SAMSUNG;NX30;1;0;Samsung NX30 samples gallery;36;5472;3648;97;99
8808637336;SAMSUNG;NX300;1;0;Samsung NX300 samples gallery;21;5472;3648;99;99
1537466809;SAMSUNG;NX500;1;0;Samsung NX500 Sample Gallery;44;6480;4320;92;98
6972824938;SAMSUNG;SAMSUNG WB2200F;1;0;Samsung WB2200F samples gallery;26;4608;3456;94;100
8089758668;SAMSUNG;SAMSUNG WB650 / VLUU WB650 / SAMSUNG WB660;1;0;Samsung HZ35W Review Samples;14;4000;3000;91;99
6055882780;SAMSUNG;SAMSUNG-EK-GC100;1;0;Samsung Galaxy Camera Review Samples;32;4608;3456;94;100
3295397279;SAMSUNG;SGH-T999;1;0;Samsung Galaxy S3 Review Samples;24;3264;2448;92;98
1810549891;SAMSUNG;SM-G900F;1;0;Samsung Galaxy S5 Sample Gallery;28;5312;2988;96;96
9742252972;samsung;SM-G925F;1;0;Samsung Galaxy S6 / S6 Edge Review Samples;56;5312;2988;92;96
4795242505;samsung;SM-G965U;1;0;Samsung Galaxy S9+ sample gallery;81;4032;3024;90;96
9613182635;SAMSUNG;SM-N910F;1;0;Samsung Galaxy Note 4 Review Samples;43;5312;2988;96;96
9600340158;SAMSUNG;VLUU WB210, SAMSUNG WB210;1;0;Samsung WB210 review samples;24;4320;3240;95;100
5616261218;SAMSUNG        ;NX10           ;1;0;Samsung NX10 Review Samples;38;4592;3056;92;98
8753291756;SAMSUNG                                ;WB5000/HZ25W                                ;1;0;Samsung HZ25W Review Samples;27;4000;3000;91;96
0282512849;Samsung Techwin;<Digimax V700 / Kenox V10 / Digimax V10 >;1;0;Samsung V700 Review Samples;14;3072;2304;96;99
1939245394;SAMSUNG TECHWIN;Pro 815    ;1;0;Samsung Pro815 Review Samples;27;3264;2448;93;98
7487457239;SAMSUNG TECHWIN;VLUU NV 7, NV 7;1;0;Samsung NV7 OPS Review Samples;31;3072;2304;91;98
1271576333;SAMSUNG TECHWIN;VLUU NV10, NV10;1;0;Samsung NV10 Review Samples;29;3648;2736;94;98
5090018911;SEALIFE;SEALIFE DC2000;0;1;Sealife DC2000 sample gallery;70;5472;3648;91;100
2246003929;SIGMA;SIGMA dp0 Quattro;0;1;Sigma dp Quattro Samples Gallery;21;5424;3616;98;100
4535661159;SIGMA;SIGMA DP1;0;1;Sigma DP1 Review Samples;38;2640;1760;94;99
4755514451;SIGMA;SIGMA SD1;0;1;Sigma SD1 / SD1 Merrill Review Samples;26;4704;3136;92;99
0045469402;SIGMA;SIGMA SD10;0;1;Sigma SD10 Review Samples;9;2268;1512;99;99
4212754124;SIGMA;SIGMA SD9;0;1;Sigma SD9 Review Samples;14;2268;1512;99;99
1160745414;Sony;D6603;0;1;Sony Xperia Z3 Review Samples;22;5248;3936;97;97
2658463150;SONY;DSC-F828;1;0;Sony DSC-F828 Review Samples;9;3264;2448;93;99
3545662079;SONY;DSC-F88;1;0;Sony DSC-F88 Review Samples;16;2592;1944;92;99
3720654563;SONY;DSC-H00;1;0;Sony Cyber-shot DSC-H55 review samples;15;4320;3240;93;98
6866970990;SONY;DSC-H1;1;0;Sony DSC-H1 Review Samples;29;2592;1944;93;98
7600794806;SONY;DSC-H10;1;0;Sony DSC-H10 Review Samples;40;3264;2448;90;98
9104890241;SONY;DSC-H2;1;0;Sony DSC-H2 Review Samples;24;2816;2112;92;99
4691065612;SONY;DSC-H20;1;0;Sony H20 Group Test Samples;13;3648;2736;93;97
5930212924;SONY;DSC-H3;1;0;Sony DSC-H3 Review Samples;35;3264;2448;90;97
2943218766;SONY;DSC-H5;1;0;Sony DSC-H5 Review Samples;25;3072;2304;90;98
6997971453;SONY;DSC-H7;1;0;Sony DSC-H7 Review Samples;23;3264;2448;90;97
5908732372;SONY;DSC-H9;1;0;Sony DSC-H9 Review Samples;30;3264;2448;90;97
0044431753;SONY;DSC-HX1;1;0;Sony CyberShot DSC-HX1 Review Samples;39;3456;2592;91;98
7527112771;SONY;DSC-HX100V             ;1;0;Sony Cyber-shot DSC-HX100V Review Samples,;24;4608;3456;94;94
0080990242;SONY;DSC-HX200V;1;0;Sony DSC-HX200V Review Samples;24;4896;3672;98;98
3666308830;SONY;DSC-HX20V;1;0;Sony Cyber-shot HX20V Review Samples;25;4896;3672;96;98
4910708225;SONY;DSC-HX5V;1;0;Sony Cyber-shot DSC-HX5 review samples;18;3648;2736;90;99
4308897858;SONY;DSC-HX7V               ;1;0;Sony Cybershot HX7V;15;4608;3456;94;94
6761643252;SONY;DSC-HX90V;1;0;Sony Cyber-shot HX90V Real-world Samples;62;4896;3672;97;98
3659907111;SONY;DSC-HX9V               ;1;0;Sony Cybershot HX9V review samples;23;4608;3456;94;94
9228999087;SONY;DSC-L1;1;0;Sony DSC-L1 Review Samples;26;2304;1728;91;98
4326942909;SONY;DSC-P150;1;0;Sony DSC-P150 Review Samples;26;3072;2304;95;98
7073982057;SONY;DSC-P200;1;0;Sony DSC-P200 Review Samples;20;3072;2304;92;98
7133301586;SONY;DSC-R1;1;0;Sony DSC-R1 Review Samples;8;3888;2592;94;98
7234604945;SONY;DSC-RX1;1;0;Sony CyberShot DSC-RX1 Review Samples;35;6000;4000;98;100
1190052917;SONY;DSC-RX10;1;0;Sony Cyber-shot RX10 Sample Images;39;5472;3648;97;98
6467050899;SONY;DSC-RX100;1;0;Sony Cyber-shot DSC-RX100 Review Samples;31;5472;3648;98;98
5373252641;SONY;DSC-RX100M2;1;0;Sony Cyber-shot RX100 II;48;5472;3648;98;98
0657499505;SONY;DSC-RX100M3;1;0;Sony Cybershot DSC RX100 III samples gallery;73;5472;3648;97;100
7883634147;SONY;DSC-RX100M4;1;0;Sony RX100 IV Real World Samples;48;5472;3648;97;100
9648499194;SONY;DSC-RX100M5;1;0;Sony RX100 Mark V Real World Samples;117;5472;3648;95;100
8189628340;SONY;DSC-RX100M6;1;0;Sony Cyber-shot RX100 VI sample gallery;105;5472;3648;97;100
4612285737;SONY;DSC-RX10M2;1;0;Sony RX10 II real-world samples;43;5472;3648;97;99
0737303360;SONY;DSC-RX10M3;1;0;Sony Cyber-shot DSC-RX10 III Real-world Samples Gallery;137;5472;3648;95;98
1816870055;SONY;DSC-RX10M4;1;0;Sony Cyber-shot DSC-RX10 Mark IV Samples Gallery;152;5472;3648;95;98
9715246082;SONY;DSC-RX1RM2;1;0;Sony Cyber-shot RX1R II Sample Gallery;32;7952;5304;97;98
4774051402;SONY;DSC-S90;1;0;Sony DSC-S90 Review Samples;28;2304;1728;90;98
6380342263;SONY;DSC-T300;1;0;Sony Cyber-shot T300 Review Samples;26;3648;2736;91;98
6864569897;SONY;DSC-TX10               ;1;0;Sony TX10 review samples;22;4608;3456;90;94
6965379830;SONY;DSC-TX30;1;0;Sony Cyber-shot DSC-TX30 Samples Gallery;32;4896;3672;97;98
0950631403;SONY;DSC-V1;1;0;Sony DSC-V1 Review Samples;11;2592;1944;94;98
5852939692;SONY;DSC-V3;1;0;Sony DSC-V3 Review Samples;12;3072;2304;94;98
9548118664;SONY;DSC-W7;1;0;Sony DSC-W7 Review Samples;29;3072;2304;92;99
2567530732;SONY;DSC-W80;1;0;Sony DSC-W80 Review Samples;35;3072;2304;90;97
9651367605;SONY;DSLR-A550;1;0;Sony Alpha DSLR-A550 Review Samples;48;4592;3056;95;98
0889117998;SONY;DSLR-A580;1;0;Sony DSLR A580 Review Samples;43;4912;3264;98;98
4401418513;SONY;ILCA-68;1;0;Sony Alpha SLT-A68 real world samples ;43;6000;4000;97;98
8239405197;SONY;ILCA-77M2;1;0;Sony A77 II Real-World Samples;20;6000;4000;95;98
7596962474;SONY;ILCA-99M2;1;0;Sony a99 II Real World Sample Gallery;24;7952;5304;97;98
6084691956;SONY;ILCE-3000;1;0;Sony a3000 Samples Gallery;25;5456;3632;97;98
4391786190;SONY;ILCE-5100;1;0;Sony a5100 Samples Gallery;32;6000;4000;92;99
7558787527;SONY;ILCE-6000;1;0;Sony Alpha 6000 samples gallery;40;6000;4000;92;98
9996097469;SONY;ILCE-6300;1;0;Sony a6300 real world samples;82;6000;4000;97;98
4109805089;SONY;ILCE-6500;1;0;Sony a6500 Sample Images;79;6000;4000;97;100
3127303743;SONY;ILCE-7;1;0;Sony Alpha 7 samples gallery;29;6000;4000;95;98
5674675445;SONY;ILCE-7M2;1;0;Sony a7 II Real-world Samples;40;6000;4000;97;99
6769434587;SONY;ILCE-7M3;1;0;Sony a7 III sample photos;173;6000;4000;95;100
5690566681;SONY;ILCE-7R;1;0;Sony Alpha a7r review samples gallery;28;7360;4912;95;100
7076458101;SONY;ILCE-7RM2;0;1;Sony Alpha 7R II Samples Gallery;47;7952;5304;97;97
9985983572;SONY;ILCE-7RM3;0;1;Sony a7R III sample photos;115;7952;5304;96;100
5909894886;SONY;ILCE-7S;1;0;Sony Alpha 7S samples gallery;21;4240;2832;98;100
5484254968;SONY;ILCE-9;1;0;Sony a9 real world samples gallery;87;6000;4000;97;98
7626606504;SONY;NEX-00;1;0;Sony Alpha NEX-C3 Review Samples;30;4912;3264;98;98
5535091587;SONY;NEX-3;1;0;Sony NEX-3 Review Samples Gallery;26;4592;3056;98;98
2646495347;SONY;NEX-5;1;0;Sony NEX-5 Review Samples Gallery;32;4592;3056;95;98
9854571388;SONY;NEX-5N;1;0;Sony NEX-5N: Review Samples;28;4912;3264;98;98
9877957869;SONY;NEX-5T;1;0;Sony Alpha NEX-5T samples gallery;21;4912;3264;95;98
1431836047;SONY;NEX-6;1;0;Sony NEX-6 Review Samples;32;4912;3264;97;98
5563556166;SONY;NEX-7;1;0;Sony NEX-7 Review Samples;42;6000;4000;97;98
0112346658;SONY;NEX-F3;1;0;Sony Alpha NEX-F3 Review Samples;23;4912;3264;98;98
7608915425;SONY;SLT-A00;1;0;Sony-SLTA35 review samples;39;4912;3264;98;98
9144684292;SONY;SLT-A55V;1;0;Sony SLT-A55 Review Samples;39;4912;3264;98;98
5951439482;SONY;SLT-A57;1;0;Sony Alpha SLT-A57 Review Samples;40;4912;3264;97;98
2445426327;SONY;SLT-A58;1;0;Sony Alpha SLT-A58 samples gallery;25;5456;3632;98;98
1812592191;SONY;SLT-A65V;1;0;Sony Alpha SLT A65 Review;32;6000;4000;98;98
2972749757;SONY;SLT-A77V;1;0;Sony Alpha SLT-A77 Review Samples;30;6000;4000;98;100
4696352574;SONY;SLT-A99V;1;0;Sony Alpha SLT-A99 Review Samples;31;6000;4000;97;100
3222995356;SONY ;DSLR-A200;1;0;Sony DSLR-A200 Review Samples;29;3872;2592;98;98
7324686923;SONY ;DSLR-A350;1;0;Sony Alpha DSLR A350 Review Samples;33;4592;3056;98;100
9187322666;SONY ;DSLR-A380;1;0;Sony DSLR-A380 Review Samples;34;4592;3056;98;98
2689313599;SONY ;DSLR-A390;1;0;Sony Alpha 390 Review Samples;23;4592;3056;98;100
2744829658;SONY ;DSLR-A700;1;0;Sony DSLR-A700 Review Samples;32;4272;2848;98;100
0781936781;SONY ;DSLR-A850;1;0;Sony DSLR-A850 Review Samples;34;6048;4032;97;98
5185531339;SONY ;DSLR-A900;1;0;Sony Alpha DSLR-A900 Review Samples;31;6048;4032;98;98
6282765254;SONY           ;DSLR-A100;1;0;Sony DSLR-A100 Review Samples;35;3872;2592;90;98
3406678512;XIAOYI;M1;1;0;YI M1 Sample Gallery;35;5184;3888;96;99